"process.start","Vendor.SeverityName","source.ip","source.user.name","user.target.name","threat.indicator.description","Vendor.EventSourceName","Tactic","Technique","@rawstring"
"2025-03-28T13:03:57Z","Informational","10.0.6.30","backup@PLUMETECH.LOCAL","backup","A user executed a self-request for a Ticket Granting Service (TGS), following a Kerberos certificate-based authentication, which might indicate a malicious activity","Anomalous certificate-based authentication (unusual TGS request)IDPEvent","TA0006 Credential Access","T1003 OS Credential Dumping","{""Ngsiem.alert.id"":""9374a063cba648ff951d57ebc35eb15e:ind:9374a063cba648ff951d57ebc35eb15e:613B105D-C3F8-4C22-85FA-16762014DFBB"",""Ngsiem.detection.id"":"""",""Ngsiem.event.data_domain"":""Identity"",""Ngsiem.event.id"":""8b4113b05bc7499b92314fd4f43d511d"",""Ngsiem.event.product"":""Falcon Identity Protection"",""Ngsiem.event.vendor"":""CrowdStrike"",""Ngsiem.indicator.data_domain[0]"":""Identity"",""Ngsiem.indicator.display_name"":""Anomalous certificate-based authentication (unusual TGS request)"",""Ngsiem.indicator.id"":""8b4113b05bc7499b92314fd4f43d511d"",""Ngsiem.indicator.source_product[0]"":""Falcon Identity Protection"",""Ngsiem.indicator.source_vendor[0]"":""CrowdStrike"",""Ngsiem.metadata"":""{\""Metadata\"":{}}"",""Ngsiem.pattern.id"":""51162"",""Ngsiem.properties"":""[{\""EntitySummary:user_sid\"":\""S-1-5-21-742041295-2727698780-1124300366-1116\"",\""EntitySummary:username\"":\""backup@PLUMETECH.LOCAL\"",\""GUID\"":\""BB8DBD6B-9FAA-3A28-9AF8-6F79006B765B\"",\""UIVertexType\"":\""user\"",\""UserName\"":\""backup@PLUMETECH.LOCAL\"",\""UserSID\"":\""S-1-5-21-742041295-2727698780-1124300366-1116\"",\""domain\"":\""User\"",\""id\"":\""S-1-5-21-742041295-2727698780-1124300366-1116\""},{\""EntitySummary:ip\"":\""10.0.6.30\"",\""IPAddress\"":\""10.0.6.30\"",\""UIVertexType\"":\""ip_address\"",\""domain\"":\""IpAddress\"",\""id\"":\""10.0.6.30\""}]"",""Ngsiem.type"":""Indicator"",""Vendor.ActivityId"":""3AE9738C-00EC-4049-90B0-B2AA0D6B855C"",""Vendor.ContextTimeStamp"":""133876408710000000"",""Vendor.DetectID"":""9374a063cba648ff951d57ebc35eb15e:ind:9374a063cba648ff951d57ebc35eb15e:613B105D-C3F8-4C22-85FA-16762014DFBB"",""Vendor.EventName"":""CertificateBasedAuthenticationSelfUserTicketIndicator"",""Vendor.EventSourceName"":""Anomalous certificate-based authentication (unusual TGS request)IDPEvent"",""Vendor.EventType"":""IdpDetectionSummaryEvent"",""Vendor.FalconHostLink"":""https://falcon.eu-1.crowdstrike.com/identity-protection/detections/9374a063cba648ff951d57ebc35eb15e:ind:9374a063cba648ff951d57ebc35eb15e:613B105D-C3F8-4C22-85FA-16762014DFBB?_cid=g05000u56ylbfaurdzjj72wbjahc2rdu"",""Vendor.Objective"":""Gain Access"",""Vendor.PatternID"":""51162"",""Vendor.SeverityName"":""Informational"",""Vendor.SourceEndpointAccountObjectGuid"":""BB8DBD6B-9FAA-3A28-9AF8-6F79006B765B"",""Vendor.TargetServiceAccessIdentifier"":""backup"",""event.action"":""CertificateBasedAuthenticationSelfUserTicketIndicator"",""event.category[0]"":""threat"",""event.created"":""2025-03-28T13:07:51Z"",""event.severity"":""60"",""event.type[0]"":""indicator"",""process.end"":""2025-03-28T13:03:57Z"",""process.start"":""2025-03-28T13:03:57Z"",""rule.id"":""999998"",""rule.version"":""0"",""source.ip"":""10.0.6.30"",""source.user.domain"":""PLUMETECH.LOCAL"",""source.user.id"":""S-1-5-21-742041295-2727698780-1124300366-1116"",""source.user.name"":""backup@PLUMETECH.LOCAL"",""threat.framework"":""MITRE ATT\u0026CK"",""threat.indicator.description"":""A user executed a self-request for a Ticket Granting Service (TGS), following a Kerberos certificate-based authentication, which might indicate a malicious activity"",""threat.indicator.first_seen"":""2025-03-28T13:08:56Z"",""threat.indicator.last_seen"":""2025-03-28T13:08:56Z"",""threat.indicator.modified_at"":""2025-03-28T13:08:56.620287328Z"",""threat.indicator.name"":""Anomalous certificate-based authentication (unusual TGS request)"",""threat.indicator.provider"":""crowdstrike.indicators"",""threat.tactic.id[0]"":""TA0006"",""threat.tactic.name[0]"":""Credential Access"",""threat.technique.id[0]"":""T1003"",""threat.technique.name[0]"":""OS Credential Dumping"",""trace.id"":""674d2ab2-40e9-4058-9a4e-fa8c5c55a6af"",""user.target.name"":""backup""}"
"2025-03-28T12:36:59Z","Informational",,"helpdesk@PLUMETECH.LOCAL","FS1$","An authentication protocol was used in an unusual manner","Suspicious protocol implementation (valid accounts)IDPEvent","TA0004 Privilege Escalation","T1078 Valid Accounts","{""Ngsiem.alert.id"":""9374a063cba648ff951d57ebc35eb15e:ind:9374a063cba648ff951d57ebc35eb15e:92A7A0D1-2825-4922-8B5F-7D3DE44668C4"",""Ngsiem.detection.id"":"""",""Ngsiem.event.data_domain"":""Identity"",""Ngsiem.event.id"":""7d8e62b83c5a4c73bb6d789105a125c8"",""Ngsiem.event.product"":""Falcon Identity Protection"",""Ngsiem.event.vendor"":""CrowdStrike"",""Ngsiem.indicator.data_domain[0]"":""Identity"",""Ngsiem.indicator.display_name"":""Suspicious protocol implementation (valid accounts)"",""Ngsiem.indicator.id"":""7d8e62b83c5a4c73bb6d789105a125c8"",""Ngsiem.indicator.source_product[0]"":""Falcon Identity Protection"",""Ngsiem.indicator.source_vendor[0]"":""CrowdStrike"",""Ngsiem.metadata"":""{\""Metadata\"":{}}"",""Ngsiem.pattern.id"":""51103"",""Ngsiem.properties"":""[{\""EntitySummary:user_sid\"":\""S-1-5-21-22011716-1179144206-3304708346-1108\"",\""EntitySummary:username\"":\""helpdesk@PLUMETECH.LOCAL\"",\""UIVertexType\"":\""user\"",\""UserName\"":\""helpdesk@PLUMETECH.LOCAL\"",\""UserSID\"":\""S-1-5-21-22011716-1179144206-3304708346-1108\"",\""domain\"":\""User\"",\""id\"":\""S-1-5-21-22011716-1179144206-3304708346-1108\""}]"",""Ngsiem.type"":""Indicator"",""Vendor.ActivityId"":""86327439-466A-47D7-958E-4A7CDFBB40D0"",""Vendor.ContextTimeStamp"":""133876391890000000"",""Vendor.DetectID"":""9374a063cba648ff951d57ebc35eb15e:ind:9374a063cba648ff951d57ebc35eb15e:92A7A0D1-2825-4922-8B5F-7D3DE44668C4"",""Vendor.EventName"":""ProtocolAnomalyValidAccountsIndicator"",""Vendor.EventSourceName"":""Suspicious protocol implementation (valid accounts)IDPEvent"",""Vendor.EventType"":""IdpDetectionSummaryEvent"",""Vendor.FalconHostLink"":""https://falcon.eu-1.crowdstrike.com/identity-protection/detections/9374a063cba648ff951d57ebc35eb15e:ind:9374a063cba648ff951d57ebc35eb15e:92A7A0D1-2825-4922-8B5F-7D3DE44668C4?_cid=g05000u56ylbfaurdzjj72wbjahc2rdu"",""Vendor.Objective"":""Gain Access"",""Vendor.PatternID"":""51103"",""Vendor.ProtocolAnomalyClassification"":""8"",""Vendor.SeverityName"":""Informational"",""Vendor.TargetEndpointAccountObjectGuid"":""DE17E0BF-0C8E-4AC7-945C-850D30FE4542"",""Vendor.TargetEndpointAccountObjectSid"":""S-1-5-21-4086999009-3506924699-1871048644-1119"",""Vendor.TargetEndpointSensorId"":""fa28150834bf45798d2a79c9712ed782"",""Vendor.TargetServiceAccessIdentifier"":""cifs/FS1"",""destination.domain"":""fs1.plumetech.local"",""event.action"":""ProtocolAnomalyValidAccountsIndicator"",""event.category[0]"":""threat"",""event.created"":""2025-03-28T12:39:49Z"",""event.severity"":""20"",""event.type[0]"":""indicator"",""process.end"":""2025-03-28T12:36:59Z"",""process.start"":""2025-03-28T12:36:59Z"",""rule.id"":""999998"",""rule.version"":""0"",""source.user.domain"":""PLUMETECH.LOCAL"",""source.user.id"":""S-1-5-21-22011716-1179144206-3304708346-1108"",""source.user.name"":""helpdesk@PLUMETECH.LOCAL"",""threat.framework"":""MITRE ATT\u0026CK"",""threat.indicator.description"":""An authentication protocol was used in an unusual manner"",""threat.indicator.first_seen"":""2025-03-28T12:40:53Z"",""threat.indicator.last_seen"":""2025-03-28T12:40:53Z"",""threat.indicator.modified_at"":""2025-03-28T12:40:53.309567531Z"",""threat.indicator.name"":""Suspicious protocol implementation (valid accounts)"",""threat.indicator.provider"":""crowdstrike.indicators"",""threat.tactic.id[0]"":""TA0004"",""threat.tactic.name[0]"":""Privilege Escalation"",""threat.technique.id[0]"":""T1078"",""threat.technique.name[0]"":""Valid Accounts"",""trace.id"":""0ae10250-bfa2-4085-a147-f631bd511230"",""user.target.name"":""FS1$""}"
"2025-03-28T12:32:58Z","Informational","10.0.6.30","backup@PLUMETECH.LOCAL","backup","A user performed an anomalous certificate authentication, which might indicate suspicious activity originating from the source endpoint","Anomalous certificate-based authenticationIDPEvent","TA0006 Credential Access","T1649 Steal or Forge Authentication Certificates","{""Ngsiem.alert.id"":""9374a063cba648ff951d57ebc35eb15e:ind:9374a063cba648ff951d57ebc35eb15e:79B76B2E-5CB8-423D-8E87-C56075F80B39"",""Ngsiem.detection.id"":"""",""Ngsiem.event.data_domain"":""Identity"",""Ngsiem.event.id"":""cd0af1508b5d4fd69a92e6981ed64cbf"",""Ngsiem.event.product"":""Falcon Identity Protection"",""Ngsiem.event.vendor"":""CrowdStrike"",""Ngsiem.indicator.data_domain[0]"":""Identity"",""Ngsiem.indicator.display_name"":""Anomalous certificate-based authentication"",""Ngsiem.indicator.id"":""cd0af1508b5d4fd69a92e6981ed64cbf"",""Ngsiem.indicator.source_product[0]"":""Falcon Identity Protection"",""Ngsiem.indicator.source_vendor[0]"":""CrowdStrike"",""Ngsiem.metadata"":""{\""Metadata\"":{}}"",""Ngsiem.pattern.id"":""51160"",""Ngsiem.properties"":""[{\""EntitySummary:user_sid\"":\""S-1-5-21-742041295-2727698780-1124300366-1116\"",\""EntitySummary:username\"":\""backup@PLUMETECH.LOCAL\"",\""GUID\"":\""BB8DBD6B-9FAA-3A28-9AF8-6F79006B765B\"",\""UIVertexType\"":\""user\"",\""UserName\"":\""backup@PLUMETECH.LOCAL\"",\""UserSID\"":\""S-1-5-21-742041295-2727698780-1124300366-1116\"",\""domain\"":\""User\"",\""id\"":\""S-1-5-21-742041295-2727698780-1124300366-1116\""},{\""EntitySummary:ip\"":\""10.0.6.30\"",\""IPAddress\"":\""10.0.6.30\"",\""UIVertexType\"":\""ip_address\"",\""domain\"":\""IpAddress\"",\""id\"":\""10.0.6.30\""}]"",""Ngsiem.type"":""Indicator"",""Vendor.ActivityId"":""5B5C4681-5F5A-440A-B361-3F1DB985E24A"",""Vendor.ContextTimeStamp"":""133876390190000000"",""Vendor.DetectID"":""9374a063cba648ff951d57ebc35eb15e:ind:9374a063cba648ff951d57ebc35eb15e:79B76B2E-5CB8-423D-8E87-C56075F80B39"",""Vendor.EventName"":""CertificateBasedAuthenticationIndicator"",""Vendor.EventSourceName"":""Anomalous certificate-based authenticationIDPEvent"",""Vendor.EventType"":""IdpDetectionSummaryEvent"",""Vendor.FalconHostLink"":""https://falcon.eu-1.crowdstrike.com/identity-protection/detections/9374a063cba648ff951d57ebc35eb15e:ind:9374a063cba648ff951d57ebc35eb15e:79B76B2E-5CB8-423D-8E87-C56075F80B39?_cid=g05000u56ylbfaurdzjj72wbjahc2rdu"",""Vendor.Objective"":""Gain Access"",""Vendor.PatternID"":""51160"",""Vendor.SeverityName"":""Informational"",""Vendor.SourceEndpointAccountObjectGuid"":""BB8DBD6B-9FAA-3A28-9AF8-6F79006B765B"",""event.action"":""CertificateBasedAuthenticationIndicator"",""event.category[0]"":""threat"",""event.created"":""2025-03-28T12:36:59Z"",""event.severity"":""40"",""event.type[0]"":""indicator"",""process.end"":""2025-03-28T12:32:58Z"",""process.start"":""2025-03-28T12:32:58Z"",""rule.id"":""999998"",""rule.version"":""0"",""source.ip"":""10.0.6.30"",""source.user.domain"":""PLUMETECH.LOCAL"",""source.user.id"":""S-1-5-21-742041295-2727698780-1124300366-1116"",""source.user.name"":""backup@PLUMETECH.LOCAL"",""threat.framework"":""MITRE ATT\u0026CK"",""threat.indicator.description"":""A user performed an anomalous certificate authentication, which might indicate suspicious activity originating from the source endpoint"",""threat.indicator.first_seen"":""2025-03-28T12:38:05Z"",""threat.indicator.last_seen"":""2025-03-28T12:38:05Z"",""threat.indicator.modified_at"":""2025-03-28T12:38:05.291165284Z"",""threat.indicator.name"":""Anomalous certificate-based authentication"",""threat.indicator.provider"":""crowdstrike.indicators"",""threat.tactic.id[0]"":""TA0006"",""threat.tactic.name[0]"":""Credential Access"",""threat.technique.id[0]"":""T1649"",""threat.technique.name[0]"":""Steal or Forge Authentication Certificates"",""trace.id"":""b0243d6d-deb0-4fab-866a-28cbda7aafee"",""user.target.name"":""backup""}"
"2025-03-28T12:32:58Z","Informational","10.0.6.30","backup@PLUMETECH.LOCAL","backup","A user executed a self-request for a Ticket Granting Service (TGS), following a Kerberos certificate-based authentication, which might indicate a malicious activity","Anomalous certificate-based authentication (unusual TGS request)IDPEvent","TA0006 Credential Access","T1003 OS Credential Dumping","{""Ngsiem.alert.id"":""9374a063cba648ff951d57ebc35eb15e:ind:9374a063cba648ff951d57ebc35eb15e:F94DB51D-F43E-4AE7-9B7A-827D199F02E9"",""Ngsiem.detection.id"":"""",""Ngsiem.event.data_domain"":""Identity"",""Ngsiem.event.id"":""65280b1c84464914bc9295241b5c3e1c"",""Ngsiem.event.product"":""Falcon Identity Protection"",""Ngsiem.event.vendor"":""CrowdStrike"",""Ngsiem.indicator.data_domain[0]"":""Identity"",""Ngsiem.indicator.display_name"":""Anomalous certificate-based authentication (unusual TGS request)"",""Ngsiem.indicator.id"":""65280b1c84464914bc9295241b5c3e1c"",""Ngsiem.indicator.source_product[0]"":""Falcon Identity Protection"",""Ngsiem.indicator.source_vendor[0]"":""CrowdStrike"",""Ngsiem.metadata"":""{\""Metadata\"":{}}"",""Ngsiem.pattern.id"":""51162"",""Ngsiem.properties"":""[{\""EntitySummary:ip\"":\""10.0.6.30\"",\""IPAddress\"":\""10.0.6.30\"",\""UIVertexType\"":\""ip_address\"",\""domain\"":\""IpAddress\"",\""id\"":\""10.0.6.30\""},{\""EntitySummary:user_sid\"":\""S-1-5-21-742041295-2727698780-1124300366-1116\"",\""EntitySummary:username\"":\""backup@PLUMETECH.LOCAL\"",\""GUID\"":\""BB8DBD6B-9FAA-3A28-9AF8-6F79006B765B\"",\""UIVertexType\"":\""user\"",\""UserName\"":\""backup@PLUMETECH.LOCAL\"",\""UserSID\"":\""S-1-5-21-742041295-2727698780-1124300366-1116\"",\""domain\"":\""User\"",\""id\"":\""S-1-5-21-742041295-2727698780-1124300366-1116\""}]"",""Ngsiem.type"":""Indicator"",""Vendor.ActivityId"":""C9FFF4B5-BA45-4BB3-9A30-C8106B82A4CC"",""Vendor.ContextTimeStamp"":""133876390190000000"",""Vendor.DetectID"":""9374a063cba648ff951d57ebc35eb15e:ind:9374a063cba648ff951d57ebc35eb15e:F94DB51D-F43E-4AE7-9B7A-827D199F02E9"",""Vendor.EventName"":""CertificateBasedAuthenticationSelfUserTicketIndicator"",""Vendor.EventSourceName"":""Anomalous certificate-based authentication (unusual TGS request)IDPEvent"",""Vendor.EventType"":""IdpDetectionSummaryEvent"",""Vendor.FalconHostLink"":""https://falcon.eu-1.crowdstrike.com/identity-protection/detections/9374a063cba648ff951d57ebc35eb15e:ind:9374a063cba648ff951d57ebc35eb15e:F94DB51D-F43E-4AE7-9B7A-827D199F02E9?_cid=g05000u56ylbfaurdzjj72wbjahc2rdu"",""Vendor.Objective"":""Gain Access"",""Vendor.PatternID"":""51162"",""Vendor.SeverityName"":""Informational"",""Vendor.SourceEndpointAccountObjectGuid"":""BB8DBD6B-9FAA-3A28-9AF8-6F79006B765B"",""Vendor.TargetServiceAccessIdentifier"":""backup"",""event.action"":""CertificateBasedAuthenticationSelfUserTicketIndicator"",""event.category[0]"":""threat"",""event.created"":""2025-03-28T12:36:59Z"",""event.severity"":""60"",""event.type[0]"":""indicator"",""process.end"":""2025-03-28T12:32:58Z"",""process.start"":""2025-03-28T12:32:58Z"",""rule.id"":""999998"",""rule.version"":""0"",""source.ip"":""10.0.6.30"",""source.user.domain"":""PLUMETECH.LOCAL"",""source.user.id"":""S-1-5-21-742041295-2727698780-1124300366-1116"",""source.user.name"":""backup@PLUMETECH.LOCAL"",""threat.framework"":""MITRE ATT\u0026CK"",""threat.indicator.description"":""A user executed a self-request for a Ticket Granting Service (TGS), following a Kerberos certificate-based authentication, which might indicate a malicious activity"",""threat.indicator.first_seen"":""2025-03-28T12:38:05Z"",""threat.indicator.last_seen"":""2025-03-28T12:38:05Z"",""threat.indicator.modified_at"":""2025-03-28T12:38:05.290240279Z"",""threat.indicator.name"":""Anomalous certificate-based authentication (unusual TGS request)"",""threat.indicator.provider"":""crowdstrike.indicators"",""threat.tactic.id[0]"":""TA0006"",""threat.tactic.name[0]"":""Credential Access"",""threat.technique.id[0]"":""T1003"",""threat.technique.name[0]"":""OS Credential Dumping"",""trace.id"":""55e5f39d-e2a4-43d6-a9bf-639ec3b7bf06"",""user.target.name"":""backup""}"
"2025-03-28T12:32:58Z","Informational","10.0.6.30","martin@PLUMETECH.LOCAL","backup@PLUMETECH.LOCAL","A lower-privileged entity performed an unusual Kerberos certificate-based authentication to a higher-privileged entity, which might indicate a malicious activity","Anomalous certificate-based authentication (user mismatch)IDPEvent","TA0006 Credential Access","T1649 Steal or Forge Authentication Certificates","{""Ngsiem.alert.id"":""9374a063cba648ff951d57ebc35eb15e:ind:9374a063cba648ff951d57ebc35eb15e:D870D10E-59A7-4A95-9436-04D55DF930B4"",""Ngsiem.detection.id"":"""",""Ngsiem.event.data_domain"":""Identity"",""Ngsiem.event.id"":""28d9e574a4284aaeab93ff8417443c80"",""Ngsiem.event.product"":""Falcon Identity Protection"",""Ngsiem.event.vendor"":""CrowdStrike"",""Ngsiem.indicator.data_domain[0]"":""Identity"",""Ngsiem.indicator.display_name"":""Anomalous certificate-based authentication (user mismatch)"",""Ngsiem.indicator.id"":""28d9e574a4284aaeab93ff8417443c80"",""Ngsiem.indicator.source_product[0]"":""Falcon Identity Protection"",""Ngsiem.indicator.source_vendor[0]"":""CrowdStrike"",""Ngsiem.metadata"":""{\""Metadata\"":{}}"",""Ngsiem.pattern.id"":""51161"",""Ngsiem.properties"":""[{\""EntitySummary:user_sid\"":\""S-1-5-21-372085681-221349257-1692401756-1105\"",\""EntitySummary:username\"":\""martin@PLUMETECH.LOCAL\"",\""GUID\"":\""BB8DBD6B-9FAA-3A28-9AF8-6F79006B765B\"",\""UIVertexType\"":\""user\"",\""UserName\"":\""martin@PLUMETECH.LOCAL\"",\""UserSID\"":\""S-1-5-21-372085681-221349257-1692401756-1105\"",\""domain\"":\""User\"",\""id\"":\""S-1-5-21-372085681-221349257-1692401756-1105\""},{\""EntitySummary:ip\"":\""10.0.6.30\"",\""IPAddress\"":\""10.0.6.30\"",\""UIVertexType\"":\""ip_address\"",\""domain\"":\""IpAddress\"",\""id\"":\""10.0.6.30\""}]"",""Ngsiem.type"":""Indicator"",""Vendor.ActivityId"":""5B5C4681-5F5A-440A-B361-3F1DB985E24A"",""Vendor.ContextTimeStamp"":""133876390190000000"",""Vendor.DetectID"":""9374a063cba648ff951d57ebc35eb15e:ind:9374a063cba648ff951d57ebc35eb15e:D870D10E-59A7-4A95-9436-04D55DF930B4"",""Vendor.EventName"":""CertificateBasedAuthenticationUserMismatchIndicator"",""Vendor.EventSourceName"":""Anomalous certificate-based authentication (user mismatch)IDPEvent"",""Vendor.EventType"":""IdpDetectionSummaryEvent"",""Vendor.FalconHostLink"":""https://falcon.eu-1.crowdstrike.com/identity-protection/detections/9374a063cba648ff951d57ebc35eb15e:ind:9374a063cba648ff951d57ebc35eb15e:D870D10E-59A7-4A95-9436-04D55DF930B4?_cid=g05000u56ylbfaurdzjj72wbjahc2rdu"",""Vendor.Objective"":""Gain Access"",""Vendor.PatternID"":""51161"",""Vendor.SeverityName"":""Informational"",""Vendor.SourceEndpointAccountObjectGuid"":""BB8DBD6B-9FAA-3A28-9AF8-6F79006B765B"",""event.action"":""CertificateBasedAuthenticationUserMismatchIndicator"",""event.category[0]"":""threat"",""event.created"":""2025-03-28T12:36:59Z"",""event.severity"":""60"",""event.type[0]"":""indicator"",""process.end"":""2025-03-28T12:32:58Z"",""process.start"":""2025-03-28T12:32:58Z"",""rule.id"":""999998"",""rule.version"":""0"",""source.ip"":""10.0.6.30"",""source.user.domain"":""PLUMETECH.LOCAL"",""source.user.id"":""S-1-5-21-372085681-221349257-1692401756-1105"",""source.user.name"":""martin@PLUMETECH.LOCAL"",""threat.framework"":""MITRE ATT\u0026CK"",""threat.indicator.description"":""A lower-privileged entity performed an unusual Kerberos certificate-based authentication to a higher-privileged entity, which might indicate a malicious activity"",""threat.indicator.first_seen"":""2025-03-28T12:38:04Z"",""threat.indicator.last_seen"":""2025-03-28T12:38:04Z"",""threat.indicator.modified_at"":""2025-03-28T12:38:05.01601719Z"",""threat.indicator.name"":""Anomalous certificate-based authentication (user mismatch)"",""threat.indicator.provider"":""crowdstrike.indicators"",""threat.tactic.id[0]"":""TA0006"",""threat.tactic.name[0]"":""Credential Access"",""threat.technique.id[0]"":""T1649"",""threat.technique.name[0]"":""Steal or Forge Authentication Certificates"",""trace.id"":""f367034d-71aa-4a66-96c3-f7c8bcc354bf"",""user.target.name"":""backup@PLUMETECH.LOCAL""}"
"2025-03-28T12:14:13Z","Informational","10.0.6.29","martin@PLUMETECH.LOCAL","DC1$","A user executed a suspicious LDAP search enumerating Active Directory Certificate Services configurations","Suspicious LDAP search (AD-CS reconnaissance)IDPEvent","TA0007 Discovery","T1046 Network Service Discovery","{""Ngsiem.alert.id"":""9374a063cba648ff951d57ebc35eb15e:ind:9374a063cba648ff951d57ebc35eb15e:93AD7B3C-9F00-4B3D-8C22-6532E5816EA1"",""Ngsiem.detection.id"":"""",""Ngsiem.event.data_domain"":""Identity"",""Ngsiem.event.id"":""38b277698a1948c2bc6f13a4c492413a"",""Ngsiem.event.product"":""Falcon Identity Protection"",""Ngsiem.event.vendor"":""CrowdStrike"",""Ngsiem.indicator.data_domain[0]"":""Identity"",""Ngsiem.indicator.display_name"":""Suspicious LDAP search (AD-CS reconnaissance)"",""Ngsiem.indicator.id"":""38b277698a1948c2bc6f13a4c492413a"",""Ngsiem.indicator.source_product[0]"":""Falcon Identity Protection"",""Ngsiem.indicator.source_vendor[0]"":""CrowdStrike"",""Ngsiem.metadata"":""{\""Metadata\"":{}}"",""Ngsiem.pattern.id"":""51159"",""Ngsiem.properties"":""[{\""EntitySummary:host\"":\""cli1.plumetech.local\"",\""EntitySummary:ip\"":\""10.0.6.29\"",\""HostName\"":\""cli1.plumetech.local\"",\""IPAddress\"":\""10.0.6.29\"",\""UIVertexType\"":\""hostname\"",\""domain\"":\""Hostname\"",\""id\"":\""cli1.plumetech.local\""},{\""EntitySummary:user_sid\"":\""S-1-5-21-372085681-221349257-1692401756-1105\"",\""EntitySummary:username\"":\""martin@PLUMETECH.LOCAL\"",\""GUID\"":\""140C81E3-E0CF-4D13-A7C6-D4FF3038BCDD\"",\""UIVertexType\"":\""user\"",\""UserName\"":\""martin@PLUMETECH.LOCAL\"",\""UserSID\"":\""S-1-5-21-372085681-221349257-1692401756-1105\"",\""domain\"":\""User\"",\""id\"":\""S-1-5-21-372085681-221349257-1692401756-1105\""}]"",""Ngsiem.type"":""Indicator"",""Vendor.ActivityId"":""E4371EE2-DD9C-4196-A492-8DA5D33E0C52"",""Vendor.ContextTimeStamp"":""133876379290000000"",""Vendor.DetectID"":""9374a063cba648ff951d57ebc35eb15e:ind:9374a063cba648ff951d57ebc35eb15e:93AD7B3C-9F00-4B3D-8C22-6532E5816EA1"",""Vendor.EventName"":""LdapReconnaissanceActiveDirectoryCertificateServicesIndicator"",""Vendor.EventSourceName"":""Suspicious LDAP search (AD-CS reconnaissance)IDPEvent"",""Vendor.EventType"":""IdpDetectionSummaryEvent"",""Vendor.FalconHostLink"":""https://falcon.eu-1.crowdstrike.com/identity-protection/detections/9374a063cba648ff951d57ebc35eb15e:ind:9374a063cba648ff951d57ebc35eb15e:93AD7B3C-9F00-4B3D-8C22-6532E5816EA1?_cid=g05000u56ylbfaurdzjj72wbjahc2rdu"",""Vendor.LdapSearchQueryAttack"":""20"",""Vendor.Objective"":""Explore"",""Vendor.PatternID"":""51159"",""Vendor.SeverityName"":""Informational"",""Vendor.SourceEndpointAccountObjectGuid"":""140C81E3-E0CF-4D13-A7C6-D4FF3038BCDD"",""Vendor.SourceEndpointAccountObjectSid"":""S-1-5-21-4086999009-3506924699-1871048644-1118"",""Vendor.SourceEndpointSensorId"":""34db526ccfaa4520ae04c07c5b0ecd86"",""Vendor.TargetEndpointAccountObjectGuid"":""4DAE7EE1-CCAF-4178-A514-5A82FB1895A5"",""Vendor.TargetEndpointAccountObjectSid"":""S-1-5-21-742041295-2727698780-1124300366-1000"",""Vendor.TargetEndpointSensorId"":""70fb8a11eb7b4e1c97967ebbdac9a14a"",""destination.domain"":""dc1.plumetech.local"",""event.action"":""LdapReconnaissanceActiveDirectoryCertificateServicesIndicator"",""event.category[0]"":""threat"",""event.created"":""2025-03-28T12:18:49Z"",""event.severity"":""50"",""event.type[0]"":""indicator"",""process.end"":""2025-03-28T12:14:13Z"",""process.start"":""2025-03-28T12:14:13Z"",""rule.id"":""999998"",""rule.version"":""0"",""source.domain"":""cli1.plumetech.local"",""source.ip"":""10.0.6.29"",""source.user.domain"":""PLUMETECH.LOCAL"",""source.user.id"":""S-1-5-21-372085681-221349257-1692401756-1105"",""source.user.name"":""martin@PLUMETECH.LOCAL"",""threat.framework"":""MITRE ATT\u0026CK"",""threat.indicator.description"":""A user executed a suspicious LDAP search enumerating Active Directory Certificate Services configurations"",""threat.indicator.first_seen"":""2025-03-28T12:19:54Z"",""threat.indicator.last_seen"":""2025-03-28T12:19:54Z"",""threat.indicator.modified_at"":""2025-03-28T12:19:54.579703885Z"",""threat.indicator.name"":""Suspicious LDAP search (AD-CS reconnaissance)"",""threat.indicator.provider"":""crowdstrike.indicators"",""threat.tactic.id[0]"":""TA0007"",""threat.tactic.name[0]"":""Discovery"",""threat.technique.id[0]"":""T1046"",""threat.technique.name[0]"":""Network Service Discovery"",""trace.id"":""7cf236d1-bfb4-4277-b0ab-2825b968c170"",""user.target.name"":""DC1$""}"
"2025-03-28T12:11:49Z","Informational",,"felix@PLUMETECH.LOCAL","FS1$","An authentication protocol was used in an unusual manner","Suspicious protocol implementation (valid accounts)IDPEvent","TA0004 Privilege Escalation","T1078 Valid Accounts","{""Ngsiem.alert.id"":""9374a063cba648ff951d57ebc35eb15e:ind:9374a063cba648ff951d57ebc35eb15e:42B79EB0-7421-40AF-A856-112C8EC866AD"",""Ngsiem.detection.id"":"""",""Ngsiem.event.data_domain"":""Identity"",""Ngsiem.event.id"":""2e943939aa1d46379e9944db9c7bea82"",""Ngsiem.event.product"":""Falcon Identity Protection"",""Ngsiem.event.vendor"":""CrowdStrike"",""Ngsiem.indicator.data_domain[0]"":""Identity"",""Ngsiem.indicator.display_name"":""Suspicious protocol implementation (valid accounts)"",""Ngsiem.indicator.id"":""2e943939aa1d46379e9944db9c7bea82"",""Ngsiem.indicator.source_product[0]"":""Falcon Identity Protection"",""Ngsiem.indicator.source_vendor[0]"":""CrowdStrike"",""Ngsiem.metadata"":""{\""Metadata\"":{}}"",""Ngsiem.pattern.id"":""51103"",""Ngsiem.properties"":""[{\""EntitySummary:user_sid\"":\""S-1-5-21-372085681-221349257-1692401756-1103\"",\""EntitySummary:username\"":\""felix@PLUMETECH.LOCAL\"",\""UIVertexType\"":\""user\"",\""UserName\"":\""felix@PLUMETECH.LOCAL\"",\""UserSID\"":\""S-1-5-21-372085681-221349257-1692401756-1103\"",\""domain\"":\""User\"",\""id\"":\""S-1-5-21-372085681-221349257-1692401756-1103\""}]"",""Ngsiem.type"":""Indicator"",""Vendor.ActivityId"":""2F514B38-560C-4566-9E43-66440AFDA2F1"",""Vendor.ContextTimeStamp"":""133876378100000000"",""Vendor.DetectID"":""9374a063cba648ff951d57ebc35eb15e:ind:9374a063cba648ff951d57ebc35eb15e:42B79EB0-7421-40AF-A856-112C8EC866AD"",""Vendor.EventName"":""ProtocolAnomalyValidAccountsIndicator"",""Vendor.EventSourceName"":""Suspicious protocol implementation (valid accounts)IDPEvent"",""Vendor.EventType"":""IdpDetectionSummaryEvent"",""Vendor.FalconHostLink"":""https://falcon.eu-1.crowdstrike.com/identity-protection/detections/9374a063cba648ff951d57ebc35eb15e:ind:9374a063cba648ff951d57ebc35eb15e:42B79EB0-7421-40AF-A856-112C8EC866AD?_cid=g05000u56ylbfaurdzjj72wbjahc2rdu"",""Vendor.Objective"":""Gain Access"",""Vendor.PatternID"":""51103"",""Vendor.ProtocolAnomalyClassification"":""8"",""Vendor.SeverityName"":""Informational"",""Vendor.TargetEndpointAccountObjectGuid"":""DE17E0BF-0C8E-4AC7-945C-850D30FE4542"",""Vendor.TargetEndpointAccountObjectSid"":""S-1-5-21-4086999009-3506924699-1871048644-1119"",""Vendor.TargetEndpointSensorId"":""fa28150834bf45798d2a79c9712ed782"",""Vendor.TargetServiceAccessIdentifier"":""cifs/FS1"",""destination.domain"":""fs1.plumetech.local"",""event.action"":""ProtocolAnomalyValidAccountsIndicator"",""event.category[0]"":""threat"",""event.created"":""2025-03-28T12:16:50Z"",""event.severity"":""20"",""event.type[0]"":""indicator"",""process.end"":""2025-03-28T12:11:49Z"",""process.start"":""2025-03-28T12:11:49Z"",""rule.id"":""999998"",""rule.version"":""0"",""source.user.domain"":""PLUMETECH.LOCAL"",""source.user.id"":""S-1-5-21-372085681-221349257-1692401756-1103"",""source.user.name"":""felix@PLUMETECH.LOCAL"",""threat.framework"":""MITRE ATT\u0026CK"",""threat.indicator.description"":""An authentication protocol was used in an unusual manner"",""threat.indicator.first_seen"":""2025-03-28T12:17:52Z"",""threat.indicator.last_seen"":""2025-03-28T12:17:52Z"",""threat.indicator.modified_at"":""2025-03-28T12:17:53.039863749Z"",""threat.indicator.name"":""Suspicious protocol implementation (valid accounts)"",""threat.indicator.provider"":""crowdstrike.indicators"",""threat.tactic.id[0]"":""TA0004"",""threat.tactic.name[0]"":""Privilege Escalation"",""threat.technique.id[0]"":""T1078"",""threat.technique.name[0]"":""Valid Accounts"",""trace.id"":""04f63954-fde2-400a-becb-3783a4c5e42b"",""user.target.name"":""FS1$""}"
"2025-03-28T11:41:35Z","Informational",,"alice@PLUMETECH.LOCAL","FS1$","An authentication protocol was used in an unusual manner","Suspicious protocol implementation (valid accounts)IDPEvent","TA0004 Privilege Escalation","T1078 Valid Accounts","{""Ngsiem.alert.id"":""9374a063cba648ff951d57ebc35eb15e:ind:9374a063cba648ff951d57ebc35eb15e:540FFD44-FC91-41FA-B660-680F0C8D086F"",""Ngsiem.detection.id"":"""",""Ngsiem.event.data_domain"":""Identity"",""Ngsiem.event.id"":""016e35454ccd436c8c772fb45312317e"",""Ngsiem.event.product"":""Falcon Identity Protection"",""Ngsiem.event.vendor"":""CrowdStrike"",""Ngsiem.indicator.data_domain[0]"":""Identity"",""Ngsiem.indicator.display_name"":""Suspicious protocol implementation (valid accounts)"",""Ngsiem.indicator.id"":""016e35454ccd436c8c772fb45312317e"",""Ngsiem.indicator.source_product[0]"":""Falcon Identity Protection"",""Ngsiem.indicator.source_vendor[0]"":""CrowdStrike"",""Ngsiem.metadata"":""{\""Metadata\"":{}}"",""Ngsiem.pattern.id"":""51103"",""Ngsiem.properties"":""[{\""EntitySummary:user_sid\"":\""S-1-5-21-372085681-221349257-1692401756-1106\"",\""EntitySummary:username\"":\""alice@PLUMETECH.LOCAL\"",\""UIVertexType\"":\""user\"",\""UserName\"":\""alice@PLUMETECH.LOCAL\"",\""UserSID\"":\""S-1-5-21-372085681-221349257-1692401756-1106\"",\""domain\"":\""User\"",\""id\"":\""S-1-5-21-372085681-221349257-1692401756-1106\""}]"",""Ngsiem.type"":""Indicator"",""Vendor.ActivityId"":""B58EB1A5-C420-49B4-B3E9-4FF8C7F24CCD"",""Vendor.ContextTimeStamp"":""133876359490000000"",""Vendor.DetectID"":""9374a063cba648ff951d57ebc35eb15e:ind:9374a063cba648ff951d57ebc35eb15e:540FFD44-FC91-41FA-B660-680F0C8D086F"",""Vendor.EventName"":""ProtocolAnomalyValidAccountsIndicator"",""Vendor.EventSourceName"":""Suspicious protocol implementation (valid accounts)IDPEvent"",""Vendor.EventType"":""IdpDetectionSummaryEvent"",""Vendor.FalconHostLink"":""https://falcon.eu-1.crowdstrike.com/identity-protection/detections/9374a063cba648ff951d57ebc35eb15e:ind:9374a063cba648ff951d57ebc35eb15e:540FFD44-FC91-41FA-B660-680F0C8D086F?_cid=g05000u56ylbfaurdzjj72wbjahc2rdu"",""Vendor.Objective"":""Gain Access"",""Vendor.PatternID"":""51103"",""Vendor.ProtocolAnomalyClassification"":""8"",""Vendor.SeverityName"":""Informational"",""Vendor.TargetEndpointAccountObjectGuid"":""DE17E0BF-0C8E-4AC7-945C-850D30FE4542"",""Vendor.TargetEndpointAccountObjectSid"":""S-1-5-21-4086999009-3506924699-1871048644-1119"",""Vendor.TargetEndpointSensorId"":""fa28150834bf45798d2a79c9712ed782"",""Vendor.TargetServiceAccessIdentifier"":""termsrv/FS1@PLUMETECH.LOCAL"",""destination.domain"":""fs1.plumetech.local"",""event.action"":""ProtocolAnomalyValidAccountsIndicator"",""event.category[0]"":""threat"",""event.created"":""2025-03-28T11:45:49Z"",""event.severity"":""20"",""event.type[0]"":""indicator"",""process.end"":""2025-03-28T11:41:35Z"",""process.start"":""2025-03-28T11:41:35Z"",""rule.id"":""999998"",""rule.version"":""0"",""source.user.domain"":""PLUMETECH.LOCAL"",""source.user.id"":""S-1-5-21-372085681-221349257-1692401756-1106"",""source.user.name"":""alice@PLUMETECH.LOCAL"",""threat.framework"":""MITRE ATT\u0026CK"",""threat.indicator.description"":""An authentication protocol was used in an unusual manner"",""threat.indicator.first_seen"":""2025-03-28T11:46:53Z"",""threat.indicator.last_seen"":""2025-03-28T11:46:53Z"",""threat.indicator.modified_at"":""2025-03-28T11:46:53.151852707Z"",""threat.indicator.name"":""Suspicious protocol implementation (valid accounts)"",""threat.indicator.provider"":""crowdstrike.indicators"",""threat.tactic.id[0]"":""TA0004"",""threat.tactic.name[0]"":""Privilege Escalation"",""threat.technique.id[0]"":""T1078"",""threat.technique.name[0]"":""Valid Accounts"",""trace.id"":""02c05027-572f-4e4e-8153-092e5bfc2660"",""user.target.name"":""FS1$""}"
"2025-03-28T11:08:28Z","Informational",,"frank@PLUMETECH.LOCAL","FS1$","An authentication protocol was used in an unusual manner","Suspicious protocol implementation (valid accounts)IDPEvent","TA0004 Privilege Escalation","T1078 Valid Accounts","{""Ngsiem.alert.id"":""9374a063cba648ff951d57ebc35eb15e:ind:9374a063cba648ff951d57ebc35eb15e:9E17EA1A-DFAE-4883-A95F-AB0B055F1051"",""Ngsiem.detection.id"":"""",""Ngsiem.event.data_domain"":""Identity"",""Ngsiem.event.id"":""23e68191488b43c6a251f133d53585b6"",""Ngsiem.event.product"":""Falcon Identity Protection"",""Ngsiem.event.vendor"":""CrowdStrike"",""Ngsiem.indicator.data_domain[0]"":""Identity"",""Ngsiem.indicator.display_name"":""Suspicious protocol implementation (valid accounts)"",""Ngsiem.indicator.id"":""23e68191488b43c6a251f133d53585b6"",""Ngsiem.indicator.source_product[0]"":""Falcon Identity Protection"",""Ngsiem.indicator.source_vendor[0]"":""CrowdStrike"",""Ngsiem.metadata"":""{\""Metadata\"":{}}"",""Ngsiem.pattern.id"":""51103"",""Ngsiem.properties"":""[{\""EntitySummary:user_sid\"":\""S-1-5-21-2516158320-77487773-907632559-1115\"",\""EntitySummary:username\"":\""frank@PLUMETECH.LOCAL\"",\""UIVertexType\"":\""user\"",\""UserName\"":\""frank@PLUMETECH.LOCAL\"",\""UserSID\"":\""S-1-5-21-2516158320-77487773-907632559-1115\"",\""domain\"":\""User\"",\""id\"":\""S-1-5-21-2516158320-77487773-907632559-1115\""}]"",""Ngsiem.type"":""Indicator"",""Vendor.ActivityId"":""225B40FE-1DA0-4BFC-B187-247F796BF126"",""Vendor.ContextTimeStamp"":""133876339660000000"",""Vendor.DetectID"":""9374a063cba648ff951d57ebc35eb15e:ind:9374a063cba648ff951d57ebc35eb15e:9E17EA1A-DFAE-4883-A95F-AB0B055F1051"",""Vendor.EventName"":""ProtocolAnomalyValidAccountsIndicator"",""Vendor.EventSourceName"":""Suspicious protocol implementation (valid accounts)IDPEvent"",""Vendor.EventType"":""IdpDetectionSummaryEvent"",""Vendor.FalconHostLink"":""https://falcon.eu-1.crowdstrike.com/identity-protection/detections/9374a063cba648ff951d57ebc35eb15e:ind:9374a063cba648ff951d57ebc35eb15e:9E17EA1A-DFAE-4883-A95F-AB0B055F1051?_cid=g05000u56ylbfaurdzjj72wbjahc2rdu"",""Vendor.Objective"":""Gain Access"",""Vendor.PatternID"":""51103"",""Vendor.ProtocolAnomalyClassification"":""8"",""Vendor.SeverityName"":""Informational"",""Vendor.TargetEndpointAccountObjectGuid"":""DE17E0BF-0C8E-4AC7-945C-850D30FE4542"",""Vendor.TargetEndpointAccountObjectSid"":""S-1-5-21-4086999009-3506924699-1871048644-1119"",""Vendor.TargetEndpointSensorId"":""fa28150834bf45798d2a79c9712ed782"",""Vendor.TargetServiceAccessIdentifier"":""cifs/FS1"",""destination.domain"":""fs1.plumetech.local"",""event.action"":""ProtocolAnomalyValidAccountsIndicator"",""event.category[0]"":""threat"",""event.created"":""2025-03-28T11:12:46Z"",""event.severity"":""20"",""event.type[0]"":""indicator"",""process.end"":""2025-03-28T11:08:28Z"",""process.start"":""2025-03-28T11:08:28Z"",""rule.id"":""999998"",""rule.version"":""0"",""source.user.domain"":""PLUMETECH.LOCAL"",""source.user.id"":""S-1-5-21-2516158320-77487773-907632559-1115"",""source.user.name"":""frank@PLUMETECH.LOCAL"",""threat.framework"":""MITRE ATT\u0026CK"",""threat.indicator.description"":""An authentication protocol was used in an unusual manner"",""threat.indicator.first_seen"":""2025-03-28T11:13:51Z"",""threat.indicator.last_seen"":""2025-03-28T11:13:51Z"",""threat.indicator.modified_at"":""2025-03-28T11:13:51.188380394Z"",""threat.indicator.name"":""Suspicious protocol implementation (valid accounts)"",""threat.indicator.provider"":""crowdstrike.indicators"",""threat.tactic.id[0]"":""TA0004"",""threat.tactic.name[0]"":""Privilege Escalation"",""threat.technique.id[0]"":""T1078"",""threat.technique.name[0]"":""Valid Accounts"",""trace.id"":""789c8777-18d7-4ae9-997b-f1c46a19ef29"",""user.target.name"":""FS1$""}"
"2025-03-28T10:58:45Z","Informational",,"plumber@PLUMETECH.LOCAL","FS1$","An authentication protocol was used in an unusual manner","Suspicious protocol implementation (valid accounts)IDPEvent","TA0004 Privilege Escalation","T1078 Valid Accounts","{""Ngsiem.alert.id"":""9374a063cba648ff951d57ebc35eb15e:ind:9374a063cba648ff951d57ebc35eb15e:6A398DD9-44D0-4777-8001-3000832F77CC"",""Ngsiem.detection.id"":"""",""Ngsiem.event.data_domain"":""Identity"",""Ngsiem.event.id"":""88c53abfda1f45dea373bb03314e7928"",""Ngsiem.event.product"":""Falcon Identity Protection"",""Ngsiem.event.vendor"":""CrowdStrike"",""Ngsiem.indicator.data_domain[0]"":""Identity"",""Ngsiem.indicator.display_name"":""Suspicious protocol implementation (valid accounts)"",""Ngsiem.indicator.id"":""88c53abfda1f45dea373bb03314e7928"",""Ngsiem.indicator.source_product[0]"":""Falcon Identity Protection"",""Ngsiem.indicator.source_vendor[0]"":""CrowdStrike"",""Ngsiem.metadata"":""{\""Metadata\"":{}}"",""Ngsiem.pattern.id"":""51103"",""Ngsiem.properties"":""[{\""EntitySummary:user_sid\"":\""S-1-5-21-22011716-1179144206-3304708346-1601\"",\""EntitySummary:username\"":\""plumber@PLUMETECH.LOCAL\"",\""UIVertexType\"":\""user\"",\""UserName\"":\""plumber@PLUMETECH.LOCAL\"",\""UserSID\"":\""S-1-5-21-22011716-1179144206-3304708346-1601\"",\""domain\"":\""User\"",\""id\"":\""S-1-5-21-22011716-1179144206-3304708346-1601\""}]"",""Ngsiem.type"":""Indicator"",""Vendor.ActivityId"":""4CB9CC82-DE8C-4340-9F64-32952C5CC688"",""Vendor.ContextTimeStamp"":""133876333110000000"",""Vendor.DetectID"":""9374a063cba648ff951d57ebc35eb15e:ind:9374a063cba648ff951d57ebc35eb15e:6A398DD9-44D0-4777-8001-3000832F77CC"",""Vendor.EventName"":""ProtocolAnomalyValidAccountsIndicator"",""Vendor.EventSourceName"":""Suspicious protocol implementation (valid accounts)IDPEvent"",""Vendor.EventType"":""IdpDetectionSummaryEvent"",""Vendor.FalconHostLink"":""https://falcon.eu-1.crowdstrike.com/identity-protection/detections/9374a063cba648ff951d57ebc35eb15e:ind:9374a063cba648ff951d57ebc35eb15e:6A398DD9-44D0-4777-8001-3000832F77CC?_cid=g05000u56ylbfaurdzjj72wbjahc2rdu"",""Vendor.Objective"":""Gain Access"",""Vendor.PatternID"":""51103"",""Vendor.ProtocolAnomalyClassification"":""8"",""Vendor.SeverityName"":""Informational"",""Vendor.TargetEndpointAccountObjectGuid"":""DE17E0BF-0C8E-4AC7-945C-850D30FE4542"",""Vendor.TargetEndpointAccountObjectSid"":""S-1-5-21-4086999009-3506924699-1871048644-1119"",""Vendor.TargetEndpointSensorId"":""fa28150834bf45798d2a79c9712ed782"",""Vendor.TargetServiceAccessIdentifier"":""cifs/FS1"",""destination.domain"":""fs1.plumetech.local"",""event.action"":""ProtocolAnomalyValidAccountsIndicator"",""event.category[0]"":""threat"",""event.created"":""2025-03-28T11:01:51Z"",""event.severity"":""20"",""event.type[0]"":""indicator"",""process.end"":""2025-03-28T10:58:45Z"",""process.start"":""2025-03-28T10:58:45Z"",""rule.id"":""999998"",""rule.version"":""0"",""source.user.domain"":""PLUMETECH.LOCAL"",""source.user.id"":""S-1-5-21-22011716-1179144206-3304708346-1601"",""source.user.name"":""plumber@PLUMETECH.LOCAL"",""threat.framework"":""MITRE ATT\u0026CK"",""threat.indicator.description"":""An authentication protocol was used in an unusual manner"",""threat.indicator.first_seen"":""2025-03-28T11:02:52Z"",""threat.indicator.last_seen"":""2025-03-28T11:02:52Z"",""threat.indicator.modified_at"":""2025-03-28T11:02:52.684326002Z"",""threat.indicator.name"":""Suspicious protocol implementation (valid accounts)"",""threat.indicator.provider"":""crowdstrike.indicators"",""threat.tactic.id[0]"":""TA0004"",""threat.tactic.name[0]"":""Privilege Escalation"",""threat.technique.id[0]"":""T1078"",""threat.technique.name[0]"":""Valid Accounts"",""trace.id"":""771cdf8e-dc08-4b31-9c4b-2d651e444825"",""user.target.name"":""FS1$""}"
"2025-03-28T08:40:48Z","Low",,,,"Credential scanning involving the same machine","Credential Scanning (Active Directory)IDPEvent","TA0006 Credential Access","T1110.003 Password Spraying","{""Ngsiem.alert.id"":""9374a063cba648ff951d57ebc35eb15e:ind:9374a063cba648ff951d57ebc35eb15e:F959B471-FF2D-4832-830C-C2711690808E"",""Ngsiem.detection.id"":"""",""Ngsiem.event.data_domain"":""Identity"",""Ngsiem.event.id"":""67d8dd1e8a554a59a6a333eab8b463d8"",""Ngsiem.event.product"":""Falcon Identity Protection"",""Ngsiem.event.vendor"":""CrowdStrike"",""Ngsiem.indicator.data_domain[0]"":""Identity"",""Ngsiem.indicator.display_name"":""Credential Scanning (Active Directory)"",""Ngsiem.indicator.id"":""67d8dd1e8a554a59a6a333eab8b463d8"",""Ngsiem.indicator.source_product[0]"":""Falcon Identity Protection"",""Ngsiem.indicator.source_vendor[0]"":""CrowdStrike"",""Ngsiem.metadata"":""{\""Metadata\"":{}}"",""Ngsiem.pattern.id"":""51121"",""Ngsiem.type"":""Indicator"",""Vendor.ContextTimeStamp"":""133876312640000000"",""Vendor.DetectID"":""9374a063cba648ff951d57ebc35eb15e:ind:9374a063cba648ff951d57ebc35eb15e:F959B471-FF2D-4832-830C-C2711690808E"",""Vendor.EventName"":""CredentialScanningActiveDirectoryIndicator"",""Vendor.EventSourceName"":""Credential Scanning (Active Directory)IDPEvent"",""Vendor.EventType"":""IdpDetectionSummaryEvent"",""Vendor.FalconHostLink"":""https://falcon.eu-1.crowdstrike.com/identity-protection/detections/9374a063cba648ff951d57ebc35eb15e:ind:9374a063cba648ff951d57ebc35eb15e:F959B471-FF2D-4832-830C-C2711690808E?_cid=g05000u56ylbfaurdzjj72wbjahc2rdu"",""Vendor.Objective"":""Gain Access"",""Vendor.PatternID"":""51121"",""Vendor.SeverityName"":""Low"",""Vendor.TargetEndpointAccountObjectGuid"":""DE17E0BF-0C8E-4AC7-945C-850D30FE4542"",""Vendor.TargetEndpointAccountObjectSid"":""S-1-5-21-4086999009-3506924699-1871048644-1119"",""Vendor.TargetEndpointSensorId"":""fa28150834bf45798d2a79c9712ed782"",""destination.domain"":""fs1.plumetech.local"",""event.action"":""CredentialScanningActiveDirectoryIndicator"",""event.category[0]"":""threat"",""event.created"":""2025-03-28T10:27:44Z"",""event.severity"":""20"",""event.type[0]"":""indicator"",""process.end"":""2025-03-28T10:24:43Z"",""process.start"":""2025-03-28T08:40:48Z"",""rule.id"":""999998"",""rule.version"":""0"",""threat.framework"":""MITRE ATT\u0026CK"",""threat.indicator.description"":""Credential scanning involving the same machine"",""threat.indicator.first_seen"":""2025-03-28T10:28:50Z"",""threat.indicator.last_seen"":""2025-03-28T10:28:50Z"",""threat.indicator.modified_at"":""2025-03-28T10:28:50.913267241Z"",""threat.indicator.name"":""Credential Scanning (Active Directory)"",""threat.indicator.provider"":""crowdstrike.indicators"",""threat.tactic.id[0]"":""TA0006"",""threat.tactic.name[0]"":""Credential Access"",""threat.technique.id[0]"":""T1110.003"",""threat.technique.name[0]"":""Password Spraying"",""trace.id"":""6cfe7554-0333-4097-ab36-c9689578e6b0""}"
"2025-03-28T10:01:56Z","Low",,"frank@PLUMETECH.LOCAL","FS1$","An authentication protocol was used in an unusual manner","Suspicious protocol implementation (valid accounts)IDPEvent","TA0004 Privilege Escalation","T1078 Valid Accounts","{""Ngsiem.alert.id"":""9374a063cba648ff951d57ebc35eb15e:ind:9374a063cba648ff951d57ebc35eb15e:E90BD163-C3CF-4DB1-BF4F-E21BE78F3C98"",""Ngsiem.detection.id"":"""",""Ngsiem.event.data_domain"":""Identity"",""Ngsiem.event.id"":""b3d9f43321814ef194901ba8b0e5b626"",""Ngsiem.event.product"":""Falcon Identity Protection"",""Ngsiem.event.vendor"":""CrowdStrike"",""Ngsiem.indicator.data_domain[0]"":""Identity"",""Ngsiem.indicator.display_name"":""Suspicious protocol implementation (valid accounts)"",""Ngsiem.indicator.id"":""b3d9f43321814ef194901ba8b0e5b626"",""Ngsiem.indicator.source_product[0]"":""Falcon Identity Protection"",""Ngsiem.indicator.source_vendor[0]"":""CrowdStrike"",""Ngsiem.metadata"":""{\""Metadata\"":{}}"",""Ngsiem.pattern.id"":""51103"",""Ngsiem.properties"":""[{\""EntitySummary:user_sid\"":\""S-1-5-21-2516158320-77487773-907632559-1115\"",\""EntitySummary:username\"":\""frank@PLUMETECH.LOCAL\"",\""UIVertexType\"":\""user\"",\""UserName\"":\""frank@PLUMETECH.LOCAL\"",\""UserSID\"":\""S-1-5-21-2516158320-77487773-907632559-1115\"",\""domain\"":\""User\"",\""id\"":\""S-1-5-21-2516158320-77487773-907632559-1115\""}]"",""Ngsiem.type"":""Indicator"",""Vendor.ActivityId"":""2277915F-A6CF-4ABA-B5CF-FF17386F0FF3"",""Vendor.ContextTimeStamp"":""133876299370000000"",""Vendor.DetectID"":""9374a063cba648ff951d57ebc35eb15e:ind:9374a063cba648ff951d57ebc35eb15e:E90BD163-C3CF-4DB1-BF4F-E21BE78F3C98"",""Vendor.EventName"":""ProtocolAnomalyValidAccountsIndicator"",""Vendor.EventSourceName"":""Suspicious protocol implementation (valid accounts)IDPEvent"",""Vendor.EventType"":""IdpDetectionSummaryEvent"",""Vendor.FalconHostLink"":""https://falcon.eu-1.crowdstrike.com/identity-protection/detections/9374a063cba648ff951d57ebc35eb15e:ind:9374a063cba648ff951d57ebc35eb15e:E90BD163-C3CF-4DB1-BF4F-E21BE78F3C98?_cid=g05000u56ylbfaurdzjj72wbjahc2rdu"",""Vendor.Objective"":""Gain Access"",""Vendor.PatternID"":""51103"",""Vendor.ProtocolAnomalyClassification"":""8"",""Vendor.SeverityName"":""Low"",""Vendor.TargetEndpointAccountObjectGuid"":""DE17E0BF-0C8E-4AC7-945C-850D30FE4542"",""Vendor.TargetEndpointAccountObjectSid"":""S-1-5-21-4086999009-3506924699-1871048644-1119"",""Vendor.TargetEndpointSensorId"":""fa28150834bf45798d2a79c9712ed782"",""Vendor.TargetServiceAccessIdentifier"":""cifs/FS1"",""destination.domain"":""fs1.plumetech.local"",""event.action"":""ProtocolAnomalyValidAccountsIndicator"",""event.category[0]"":""threat"",""event.created"":""2025-03-28T10:05:37Z"",""event.severity"":""20"",""event.type[0]"":""indicator"",""process.end"":""2025-03-28T10:01:56Z"",""process.start"":""2025-03-28T10:01:56Z"",""rule.id"":""999998"",""rule.version"":""0"",""source.user.domain"":""PLUMETECH.LOCAL"",""source.user.id"":""S-1-5-21-2516158320-77487773-907632559-1115"",""source.user.name"":""frank@PLUMETECH.LOCAL"",""threat.framework"":""MITRE ATT\u0026CK"",""threat.indicator.description"":""An authentication protocol was used in an unusual manner"",""threat.indicator.first_seen"":""2025-03-28T10:06:41Z"",""threat.indicator.last_seen"":""2025-03-28T10:06:41Z"",""threat.indicator.modified_at"":""2025-03-28T10:06:41.593755233Z"",""threat.indicator.name"":""Suspicious protocol implementation (valid accounts)"",""threat.indicator.provider"":""crowdstrike.indicators"",""threat.tactic.id[0]"":""TA0004"",""threat.tactic.name[0]"":""Privilege Escalation"",""threat.technique.id[0]"":""T1078"",""threat.technique.name[0]"":""Valid Accounts"",""trace.id"":""a795cc52-0bbe-4fe3-91fc-e907b5af27db"",""user.target.name"":""FS1$""}"
